Var1,Concomitant.CIS,Sex,Tumor.grade,Tumor.stage,UROMOL2021.classification,knowles_ID
Concomitant.CIS,0,0.4695564176083657,0,0,0.231404958677686,0.9870129870129865
Sex,0,0,0,0,0.2270674727571279,0.9740259740259748
Tumor.grade,0,0.4695564176083657,0,0,0.231404958677686,0.9870129870129865
Tumor.stage,0,0.4695564176083657,0,0,0.231404958677686,0.9870129870129865
UROMOL2021.classification,0,0.4487788331071913,0,0,0,0.9610389610389602
knowles_ID,0,0,0,0,0,0
