Var1,Concomitant.CIS,Sex,Tumor.grade,Tumor.stage,UROMOL2021.classification,knowles_ID
Concomitant.CIS,0,0.4695564176083657,0,0,0.23140495867768598,0.987012987012987
Sex,0,0,0,0,0.2270674727571279,0.974025974025974
Tumor.grade,0,0.4695564176083657,0,0,0.23140495867768598,0.987012987012987
Tumor.stage,0,0.4695564176083657,0,0,0.23140495867768598,0.987012987012987
UROMOL2021.classification,0,0.4487788331071913,0,0,0,0.9610389610389608
knowles_ID,0,0,0,0,0,0
